ablution,abutilon
abortive,bravoite
abristle,libertas
acheirus,eucharis
aconitum,acontium
acontius,anticous
acrolith,trochila
acrotism,rotacism
acylogen,cynogale
adenylic,lycaenid
adjuster,readjust
adlumine,unmailed
adustion,sudation
agnostic,coasting
agrestic,ergastic
albronze,blazoner
alphenic,cephalin
alphonse,phenosal
alrighty,arightly
altrices,selictar
alurgite,ligature
ambivert,verbatim
amnestic,semantic
amorphic,amphoric
amortize,atomizer
ancestor,entosarc
anchored,rondache
angeldom,lodgeman
ankyroid,dikaryon
anophyte,typhoean
antiblue,nubilate
antilope,antipole
antiquer,quartine
apteroid,proteida
arbuscle,buscarle
archpoet,protheca
argentic,citrange
argentol,gerontal
argentum,argument
articled,lacertid
aspergil,splairge
aspermic,sapremic
asteroid,troiades
astonied,sedation
astrofel,forestal
atchison,chitosan
auletris,lisuarte
auricled,radicule
autecism,musicate
autopsic,captious
avoucher,reavouch
bachelor,crabhole
backfire,fireback
backstop,stopback
bacterin,centibar
baculite,cubitale
baculoid,cuboidal
badigeon,gabioned
baetylic,biacetyl
bailment,libament
balinger,ringable
baluster,rustable
banisher,rebanish
banjoist,bostanji
barytine,bryanite
beamwork,bowmaker
bedismal,semibald
berthing,brighten
beshadow,bodewash
bestiary,sybarite
bestowal,stowable
bigamous,subimago
blasting,stabling
bleating,tangible
blighter,therblig
bloating,obligant
boasting,bostangi
boethian,nebaioth
bogeyman,moneybag
bolthead,theobald
bonefish,fishbone
bonitary,trainboy
boringly,goblinry
brawling,warbling
breadnut,turbaned
breakout,outbreak
brushlet,shrublet
calipers,spiracle
calorist,coralist
calorize,coalizer
camelish,schalmei
camphire,hemicarp
canoeist,cotesian
capstone,opencast
capsuler,specular
carneous,nacreous
carsmith,chartism
catonism,monastic
cenosity,cytosine
centaury,cyanuret
centroid,doctrine
ceratium,muricate
chainlet,ethnical
chapiter,phreatic
charting,ratching
chasuble,subchela
chatsome,moschate
cheating,teaching
chestily,lecythis
chirotes,theorics
chlorate,trochlea
chlorite,clothier
christen,snitcher
chromite,trichome
cistvaen,vesicant
citreous,urticose
clasping,scalping
cleanout,outlance
clerking,reckling
clipsome,polemics
cloister,coistrel
clymenia,mycelian
cofaster,forecast
coinmate,maconite
coltskin,linstock
columned,uncledom
comeling,comingle
compiler,complier
comprise,perosmic
conarium,coumarin
conative,invocate
conflate,falconet
conspire,incorpse
consumer,mucrones
contrive,invector
copalite,poetical
coparent,portance
coprinus,poncirus
copulate,outplace
coresign,cosigner
corvinae,veronica
cosalite,societal
costumer,customer
cosurety,courtesy
coursing,scouring
courtman,turcoman
couthily,touchily
crateful,fulcrate
creasing,scirenga
crepitus,piecrust
cresolin,licensor
crimeful,merciful
crimpage,pergamic
crinated,dicentra
croupily,polyuric
cruisken,unsicker
crustily,rusticly
cuailnge,glaucine
cubanite,incubate
culinary,uranylic
cultivar,curvital
cupidone,uncopied
curation,nocturia
cynaroid,dicaryon
cyrtopia,poticary
cytophil,phycitol
damewort,wardmote
danewort,teardown
daubster,subtread
dawnlike,wandlike
decorist,sectroid
delusion,unsoiled
demonial,melanoid
demonish,hedonism
depolish,polished
deprival,prevalid
depurant,unparted
dermatic,timecard
diacetyl,lyctidae
diaphote,hepatoid
dielytra,tileyard
dimerous,soredium
dioptral,tripodal
dipleura,epidural
dipteral,tripedal
dipteros,portside
directly,tridecyl
disenact,distance
dispetal,pedalist
disporum,misproud
dogwatch,watchdog
dolesman,lodesman
dominate,nematoid
donatism,saintdom
dormancy,mordancy
downbear,rawboned
downtake,takedown
draconis,sardonic
drawfile,lifeward
drawstop,postward
dreamish,semihard
dulseman,unalmsed
dysluite,sedulity
earlship,pearlish
elytrous,urostyle
embryoid,reimbody
empathic,emphatic
emporial,proemial
emulsion,solenium
enactory,octenary
endosarc,secondar
enshroud,unshored
entohyal,ethanoyl
epicotyl,lipocyte
epistoma,metopias
epulotic,poultice
eruction,neurotic
eruption,unitrope
eryngium,gynerium
etruscan,recusant
eulogism,uglisome
eutropic,outprice
farnesol,forensal
fasthold,holdfast
felapton,pantofle
fieldman,inflamed
figurate,fruitage
fireplug,gripeful
fishpond,pondfish
flatwise,saltwife
floriate,foralite
florican,fornical
floridan,florinda
flouting,outfling
fluorate,outflare
fluorine,neurofil
flushing,lungfish
forensic,forinsec
foresign,foresing
forgeman,formagen
formulae,fumarole
fundable,unfabled
furstone,unforest
fusteric,scutifer
galewort,waterlog
gelastic,gestical
genitory,ortygine
geraniol,regional
germanly,germanyl
gerontic,negrotic
girasole,seraglio
glaister,regalist
glucemia,mucilage
goatlike,togalike
gradient,treading
gunreach,uncharge
gymnasic,syngamic
halicore,heroical
handwork,workhand
harpings,phrasing
haurient,huterian
headlong,longhead
headring,ringhead
hearting,ingather
heptagon,pathogen
heptylic,phyletic
heraclid,heraldic
herodian,ironhead
herulian,inhauler
histonal,toshnail
homarine,homerian
hostager,shortage
hovering,overnigh
humanics,inasmuch
hydriote,thyreoid
hyposmia,phymosia
hysteria,sheriyat
idocrase,radicose
imposter,tripsome
imposure,premious
inceptor,pretonic
inchoate,noachite
indulger,ungirdle
indurate,turdinae
inermous,monsieur
inflamer,rifleman
inflatus,stainful
ingrowth,throwing
interlay,lyterian
ironclad,rolandic
isoptera,septoria
japonism,pajonism
kemalist,mastlike
laborism,mislabor
laborist,strobila
lacteous,osculate
lapstone,pleonast
launcher,relaunch
lavisher,shrieval
legionry,yeorling
lentisco,telsonic
lichanos,nicholas
liparous,pliosaur
litharge,thirlage
lockspit,lopstick
lomatine,tolamine
lovering,overling
lungsick,suckling
lustring,rustling
lutheran,unhalter
lysander,synedral
macrotin,romantic
maculose,somacule
magnetod,megadont
malpoise,semiopal
malposed,plasmode
marbling,rambling
mareotid,mediator
maronist,romanist
marysole,ramosely
masonite,misatone
masterly,myrtales
mastiche,misteach
melodist,modelist
melonist,telonism
mephisto,pithsome
metaphor,trophema
methylic,thymelic
midstory,modistry
milepost,polemist
minatory,romanity
minerval,verminal
minutely,untimely
misagent,steaming
misandry,myrsinad
misplead,pedalism
moderant,normated
modestly,styledom
moisture,semitour
molarity,morality
monarchy,nomarchy
moribund,unmorbid
mudstone,unmodest
muishond,unmodish
muscinae,semuncia
nailshop,siphonal
natively,venality
nidulate,untailed
nuciform,unciform
nucleoid,uncoiled
numerist,terminus
nycteris,stycerin
nycturia,tunicary
obeisant,sabotine
oestrual,rosulate
olibanum,umbonial
olivetan,velation
olympian,polymnia
opdalite,petaloid
orbulina,unilobar
orphical,rhopalic
outcharm,outmarch
outdance,uncoated
outlined,untoiled
outshake,shakeout
outshape,taphouse
outshine,tinhouse
outslide,solitude
outspend,unposted
overdamn,ravendom
overdust,overstud
overfilm,veliform
overlast,oversalt
overpick,pickover
overslip,slipover
overwalk,walkover
pagurine,perugian
panderly,repandly
parchesi,seraphic
parsoned,spadrone
parsonic,scoparin
partigen,tapering
patchery,petchary
pedantic,pentacid
pelasgoi,spoilage
pencilry,princely
perianth,triphane
perilous,uropsile
petalism,septimal
petrolic,plerotic
petrosal,polestar
phasmoid,shopmaid
phenolic,pinochle
phrenics,pinscher
pinaster,pristane
plastery,psaltery
playgoer,pylagore
plethora,traphole
plicator,tropical
plighter,replight
pointrel,terpinol
polisher,repolish
polyacid,polyadic
posingly,spongily
postical,slipcoat
postlike,spotlike
potmaker,topmaker
powerful,upflower
prehuman,unhamper
prestock,sprocket
punisher,repunish
putanism,sumpitan
putridly,turpidly
pyruline,unripely
queriman,ramequin
ravigote,rogative
restowal,sealwort
reunpack,unpacker
reuphold,upholder
reuplift,uplifter
rotulian,uranotil
rousting,stouring
royalist,solitary
rutinose,tursenoi
sabulite,suitable
samphire,seraphim
scambler,scramble
scarping,scraping
scripula,spicular
semiarch,smachrie
sewround,undersow
shafting,tangfish
shipward,wardship
shipwork,workship
shipworm,wormship
shouting,southing
sickerly,slickery
sidewalk,walkside
signable,singable
sklinter,strinkle
slavonic,volscian
smyrniot,tyronism
sortable,storable
soterial,striolae
spangler,sprangle
spatling,stapling
sperling,springle
spindler,splinder
splenium,unsimple
spurtive,upstrive
staurion,sutorian
stickler,strickle
strounge,sturgeon
sualocin,unsocial
sweatful,wasteful
sweatily,tileways
terminal,tramline
thwacker,whatreck
timework,worktime
toadyish,todayish
touching,ungothic
trimesyl,tylerism
turbined,underbit
twigsome,wegotism
twinkler,wrinklet
tyrosine,tyrsenoi
unadmire,underaim
unaisled,unsailed
unboiled,unilobed
uncasked,unsacked
unchoked,unhocked
uncorked,unrocked
underpay,unprayed
undertow,untrowed
undirect,untriced
unfarmed,unframed
unhalted,unlathed
unloader,urodelan
unmashed,unshamed
unpaired,unrepaid
unsacred,unscared
unsomber,unsombre
unstayed,unsteady
victrola,vortical
virtuose,vitreous
worthful,wrothful
worthily,wrothily
xylitone,xylonite
abolisher,reabolish
actorship,strophaic
acuminose,mniaceous
ademption,tampioned
adventism,vedantism
afterblow,batfowler
afterguns,transfuge
alectryon,tolerancy
aleuronic,urceolina
algedonic,genocidal
algorithm,logarithm
aligerous,glaireous
amphicyon,hypomanic
angleworm,lawmonger
anhydrize,hydrazine
anoestrum,neuromast
anorchism,harmonics
anthropic,rhapontic
antiserum,misaunter
archidome,chromidae
argentous,neotragus
arguslike,sugarlike
aspection,stenopaic
atmogenic,geomantic
backswing,swingback
bacterium,cumbraite
baculites,bisulcate
baldmoney,molybdena
batyphone,hypnobate
becrimson,scombrine
benchwork,workbench
binuclear,incurable
birdstone,stonebird
blastemic,cembalist
boglander,longbeard
bolderian,ordinable
breakwind,windbreak
breasting,brigantes
breastpin,stepbairn
brominate,tribonema
browntail,wrainbolt
brushland,shrubland
brushlike,shrublike
burdalone,unlabored
canephroi,parochine
carkingly,rackingly
carnosity,crayonist
carpiodes,scorpidae
carpolite,petricola
castoreum,outscream
cathepsin,stephanic
cautioner,cointreau
ceanothus,oecanthus
censorial,sarcoline
cephaloid,pholcidae
ceroplast,precostal
charioted,trochidae
chelodina,hedonical
chemotaxy,myxotheca
chiromant,chromatin
chirotype,hypocrite
chloremia,homerical
chondrite,threnodic
chromatid,dichromat
chrysopid,dysphoric
cinderous,decursion
cisternal,larcenist
clamorist,crotalism
clathrose,searcloth
comediant,metaconid
complaint,compliant
consulage,glucosane
consulary,cynosural
consulter,reconsult
coquitlam,quamoclit
cornuated,undercoat
cremation,manticore
crepidula,pedicular
ctenolium,monticule
cyphonism,symphonic
dangerful,gardenful
dasyurine,dysneuria
degarnish,garnished
dentalism,dismantle
dialector,lacertoid
dislocate,lactoside
displayer,redisplay
dragonize,organized
duckstone,unstocked
dunpickle,unpickled
earthling,heartling
eastbound,unboasted
eidograph,ideograph
emptional,palmitone
emulation,laumonite
encratism,miscreant
endurably,undryable
engraphic,preaching
entomical,melanotic
entropium,importune
epilabrum,impuberal
epilatory,petiolary
epistroma,peristoma
epuration,eupatorin
erithacus,eucharist
esiphonal,phaseolin
estradiol,idolaster
ethmoidal,oldhamite
euplastic,spiculate
exultancy,unexactly
fashioner,refashion
feudalism,sulfamide
feulamort,formulate
flukewort,flutework
foliature,toluifera
funebrial,unfriable
gasoliner,seignoral
genicular,neuralgic
germanics,screaming
germanify,remagnify
germanist,streaming
gerontism,monergist
girandole,negroidal
glycosine,lysogenic
gnostical,nostalgic
gomphrena,nephogram
goniaster,orangeist
graminous,ignoramus
grandiose,sargonide
granulite,traguline
gymnastic,nystagmic
hairstone,hortensia
hamulites,shulamite
hastilude,lustihead
hematolin,maholtine
hematonic,methanoic
hematosin,thomasine
hematoxic,hexatomic
hematuric,rheumatic
hemicrany,machinery
heraldist,tehsildar
hodiernal,rhodaline
hopcalite,phacolite
horsetail,isotheral
housewarm,warmhouse
hudsonite,unhoisted
husbander,shabunder
hypnoetic,neophytic
hypnotism,pythonism
hypnotize,pythonize
impasture,septarium
implanter,reimplant
inocarpus,unprosaic
insurable,sublinear
interplay,painterly
introduce,reduction
involucre,volucrine
januslike,seljukian
klendusic,unsickled
laconizer,locarnize
lampistry,palmistry
landstorm,transmold
larcenous,senocular
leptiform,peltiform
lethargus,slaughter
lorandite,rodential
malhonest,mashelton
manorship,orphanism
masterful,streamful
maypoling,pygmalion
meandrous,roundseam
meliorant,mentorial
menstrual,ulsterman
micropyle,polymeric
monastery,oysterman
muscarine,sucramine
myctodera,radectomy
myristone,smyrniote
mysterial,salimetry
narcotism,romancist
narcotize,zirconate
normality,trionymal
nucleator,recountal
obscurant,subcantor
ocularist,suctorial
oliprance,porcelain
operating,pignorate
ostracize,socratize
outlinear,uranolite
outspring,sprouting
overglint,revolting
overpaint,pronative
overplain,parvoline
ownership,shipowner
palmister,prelatism
panderous,repandous
paroecism,premosaic
pelidnota,planetoid
perisomal,semipolar
phloretic,plethoric
phonetics,sphenotic
phoniatry,thiopyran
physalite,styphelia
plasmodic,psalmodic
platinous,pulsation
posterial,saprolite
potmaking,topmaking
predatism,spermatid
prelation,rantipole
prelusion,repulsion
prescutal,scalpture
publisher,republish
rainspout,supinator
raspingly,sparingly
resulting,ulstering
satyrlike,streakily
semilunar,unrealism
semiurban,submarine
shockable,shoeblack
sidetrack,trackside
simpleton,spoilment
siphuncle,uncleship
sobralite,strobilae
solmizate,zealotism
spearmint,spermatin
staringly,strayling
sterculia,urticales
stormwind,windstorm
subalpine,unspiable
sublative,vestibula
unbroiled,underboil
unchalked,unhackled
undelight,unlighted
underchap,unparched
underflow,wonderful
undermost,unstormed
underpick,unpricked
undersoil,unsoldier
unearthly,urethylan
ungirthed,unrighted
ungraphic,uparching
unmotived,unvomited
unphrased,unsharped
untirable,untriable
verbality,veritably
vinculate,vulcanite
viscontal,volcanist
acetopyrin,capernoity
admonisher,rhamnoside
algometric,melotragic
amphoteric,metaphoric
anthericum,narthecium
bipersonal,prisonable
bitemporal,importable
blastoderm,dermoblast
bouldering,redoubling
carpholite,proethical
centimolar,melicraton
ceroplasty,coreplasty
cetorhinus,urosthenic
cheatingly,teachingly
chrysolite,chrysotile
closterium,sclerotium
columnated,documental
combinedly,molybdenic
coresidual,radiculose
cornulites,uncloister
curateship,pasticheur
dacryolith,hydrotical
deaconship,endophasic
deforciant,fornicated
denticular,unarticled
depuration,portunidae
desmopathy,phymatodes
diastrophy,dystrophia
dictaphone,endopathic
diparentum,unimparted
discounter,rediscount
disculpate,spiculated
disharmony,hydramnios
dispatcher,redispatch
disulphone,unpolished
enthraldom,motherland
epharmonic,pinachrome
explicator,extropical
fecundator,unfactored
flandowser,sandflower
fratcheous,housecraft
gesticular,scutigeral
glycosuria,graciously
headspring,springhead
headstrong,stronghead
hospitaler,trophesial
hypertoxic,xerophytic
hyporadius,suprahyoid
ideoplasty,stylopidae
impugnable,plumbagine
intemporal,trampoline
interposal,psalterion
lectorship,leptorchis
longimetry,mongrelity
lupinaster,palustrine
masterling,streamling
matrocliny,romanticly
megapodius,pseudimago
microphagy,myographic
mosandrite,tarsonemid
myoplastic,polymastic
nectarious,recusation
neoplastic,pleonastic
neuroblast,unsortable
neutralism,trimensual
opisthenar,spheration
pachnolite,phonetical
perculsion,preclusion
periculant,unprelatic
peristomal,prestomial
physiocrat,psychotria
plastidome,postmedial
ponticular,untropical
postgenial,spangolite
precaution,unoperatic
premusical,superclaim
prudential,putredinal
refusingly,syringeful
regulation,urogenital
semirotund,unmortised
stimulancy,unmystical
sunlighted,unslighted
thyreoidal,thyroideal
thyrogenic,trichogyne
unroyalist,unsolitary
adrenolytic,declinatory
amphigenous,musophagine
anchoretism,trichomanes
asthmogenic,mesognathic
blastogenic,genoblastic
blastomeric,meroblastic
chiroplasty,polyarchist
comitragedy,tragicomedy
counterpaly,counterplay
countervail,involucrate
depravingly,pervadingly
fulminatory,unformality
genotypical,ptyalogenic
hypergamous,museography
mycophagist,phagocytism
myographist,pythagorism
radiolucent,reductional
southerland,southlander
incomputable,uncompatible
adroitly,dilatory,idolatry
agonizer,orangize,organize
ambrosin,barosmin,sabromin
aneurism,arsenium,sumerian
anorthic,anthroic,tanchoir
aporetic,capriote,operatic
arctomys,costmary,mascotry
arthemis,marshite,meharist
astringe,ganister,gantries
athermic,marchite,rhematic
betailor,laborite,orbitale
braunite,urbanite,urbinate
calorite,erotical,loricate
cameloid,comedial,melodica
camerist,ceramist,matrices
canephor,chaperno,chaperon
cantoris,castorin,corsaint
caponier,coprinae,procaine
chaldron,chlordan,chondral
chelidon,chelonid,delichon
choirman,harmonic,omniarch
coinsure,corineus,cusinero
cotarius,octarius,suctoria
cymation,myatonic,onymatic
denarius,desaurin,unraised
diascope,psocidae,scopidae
dirgeman,margined,midrange
dragline,reginald,ringlead
ectoglia,geotical,goetical
enravish,ravenish,vanisher
episodal,lapidose,sepaloid
flounder,reunfold,unfolder
formalin,informal,laniform
galenist,genitals,stealing
gelation,lagonite,legation
gemarist,magister,sterigma
germinal,maligner,malinger
gyration,organity,ortygian
haptenic,pantheic,pithecan
headskin,nakedish,sinkhead
horseman,rhamnose,shoreman
insulter,lustrine,reinsult
integral,teraglin,triangle
interlap,repliant,triplane
lagunero,organule,uroglena
laminose,lemonias,semolina
lapideon,palinode,pedalion
laspring,sparling,springal
lemurian,malurine,rumelian
ligament,metaling,tegminal
lymnaeid,maidenly,medianly
maspiter,pastimer,primates
mentalis,smaltine,stileman
mirounga,moringua,origanum
monetary,myronate,naometry
muslined,unmisled,unsmiled
naturism,sturmian,turanism
neolatry,ornately,tyrolean
orangism,organism,sinogram
oriental,relation,tirolean
particle,plicater,prelatic
pelorian,peronial,proalien
pendular,underlap,uplander
pervious,previous,viperous
polander,ponderal,prenodal
postural,pulsator,sportula
purslane,serpulan,supernal
pyrenoid,pyridone,pyrodine
quartile,requital,triequal
resignal,seringal,signaler
resnatch,snatcher,stancher
sandworm,swordman,wordsman
sceptral,scraplet,spectral
spadonic,spondaic,spondiac
stradine,strained,tarnside
tonsured,unsorted,unstored
tribunal,turbinal,untribal
unhalsed,unlashed,unshaled
unhasped,unphased,unshaped
unsalted,unslated,unstaled
acentrous,courtesan,nectarous
ademonist,demoniast,staminode
antimodel,maldonite,monilated
aphrodite,atrophied,diaporthe
asyndetic,cystidean,syndicate
bicornate,carbonite,reboantic
binocular,caliburno,colubrina
carpolith,politarch,trophical
cauliform,formulaic,fumarolic
centurial,lucretian,ultranice
ceruminal,melanuric,numerical
citronade,endaortic,redaction
coadunite,education,noctuidae
cornelius,inclosure,reclusion
crepitous,euproctis,uroseptic
curtilage,cutigeral,graticule
decimator,medicator,mordicate
detrusion,tinderous,unstoried
disnature,sturnidae,truandise
dunstable,unblasted,unstabled
espringal,presignal,relapsing
forminate,fremontia,taeniform
indurable,unbrailed,unridable
lairstone,orleanist,serotinal
lucrative,revictual,victualer
masculine,semuncial,simulance
mesropian,promnesia,spironema
neuralist,ulsterian,unrealist
opulaster,sportulae,sporulate
overstain,servation,versation
preaction,precation,recaption
suctional,sulcation,unstoical
unclaimed,undecimal,unmedical
achondrite,ditrochean,ordanchite
acidometry,medicatory,radiectomy
antifouler,fluorinate,uniflorate
chlorinate,ectorhinal,tornachile
complainer,procnemial,recomplain
discutable,subdeltaic,subdialect
dysphrenia,sphyraenid,sphyrnidae
germanious,gramineous,marigenous
importancy,patronymic,pyromantic
perviously,previously,viperously
phytogenic,pythogenic,typhogenic
abrotine,baritone,obtainer,reobtain
altruism,muralist,traulism,ultraism
andorite,nadorite,ordinate,rodentia
anuretic,centauri,centuria,teucrian
aphetism,mateship,shipmate,spithame
canister,cestrian,cisterna,irascent
codamine,comedian,daemonic,demoniac
comedist,demotics,docetism,domestic
cornuate,courante,cuneator,outrance
diastole,isolated,sodalite,solidate
diphaser,parished,raphides,sephardi
epistlar,pilaster,plaister,priestal
homerist,isotherm,otherism,theorism
hypnotic,phytonic,pythonic,typhonic
lutrinae,retinula,rutelian,tenurial
monaster,monstera,nearmost,storeman
neoplasm,pleonasm,polesman,splenoma
orangist,organist,roasting,signator
panelist,pantelis,penalist,plastein
paschite,pastiche,pistache,scaphite
uncarted,uncrated,underact,untraced
alectoris,sarcolite,sclerotia,sectorial
alectrion,clarionet,crotaline,locarnite
alopecist,altiscope,epicostal,scapolite
anchorite,antechoir,heatronic,hectorian
actioner,anerotic,ceration,creation,reaction
arculite,cutleria,lucretia,reticula,treculia
arsonite,asterion,oestrian,rosinate,serotina
imperant,pairment,partimen,premiant,tripeman
maronite,martinoe,minorate,morenita,romanite
undersap,unparsed,unrasped,unspared,unspread
atroscine,certosina,ostracine,tinoceras,tricosane
acrolein,arecolin,caroline,colinear,cornelia,creolian,lonicera
